エミリー,01/08,./icon/emily.jpg
北沢志保,01/18,./icon/shiho.jpg
四条貴音,01/21,./icon/takane.jpg
真壁瑞希,01/27,./icon/mizuki.jpg
徳川まつり,02/04,./icon/matsuri.jpg
横山奈緒,02/12,./icon/nao.jpg
箱崎星梨花,02/20,./icon/serika.jpg
如月千早,02/25,./icon/chihaya.jpg
ロコ,03/01,./icon/roco.jpg
七尾百合子,03/18,./icon/yuriko.jpg
佐竹美奈子,03/22,./icon/minako.jpg
高槻やよい,03/25,./icon/yayoi.jpg
桜守歌織,03/27,./icon/kaori.jpg
福田のり子,03/30,./icon/noriko.jpg
天海春香,04/03,./icon/haruka.jpg
所恵美,04/15,./icon/emi.jpg
宮尾美也,04/24,./icon/miya.jpg
大神環,04/29,./icon/tamaki.jpg
水瀬伊織,05/05,./icon/iori.jpg
北上麗花,05/17,./icon/reika.jpg
双海亜美・真美,05/22,./icon/mamiami.jpg
白石紬,05/29,./icon/tsumugi.jpg
望月杏奈,05/31,./icon/anna.jpg
松田亜利沙,06/07,./icon/arisa.jpg
馬場このみ,06/12,./icon/konomi.jpg
秋月律子,06/23,./icon/ritsuko.jpg
春日未来,06/28,./icon/mirai.jpg
木下ひなた,07/04,./icon/hinata.jpg
三浦あずさ,07/19,./icon/azusa.jpg
舞浜歩,07/23,./icon/ayumu.jpg
伊吹翼,07/30,./icon/tsubasa.jpg
高坂海美,08/10,./icon/umi.jpg
矢吹可奈,08/18,./icon/kana.jpg
篠宮可憐,08/27,./icon/karen.jpg
菊地真,08/29,./icon/makoto.jpg
豊川風花,09/02,./icon/fuka.jpg
音無小鳥,09/09,./icon/kotori.jpg
最上静香,09/14,./icon/shizuka.jpg
永吉昴,09/20,./icon/subaru.jpg
ジュリア,09/26,./icon/julia.jpg
田中琴葉,10/05,./icon/kotoha.jpg
我那覇響,10/10,./icon/hibiki.jpg
二階堂千鶴,10/21,./icon/chizuru.jpg
島原エレナ,10/26,./icon/elena.jpg
周防桃子,11/06,./icon/momoko.jpg
天空橋朋花,11/11,./icon/tomoka.jpg
百瀬莉緒,11/21,./icon/rio.jpg
星井美希,11/23,./icon/miki.jpg
野々原茜,12/03,./icon/akane.jpg
中谷育,12/16,./icon/iku.jpg
萩原雪歩,12/24,./icon/yukiho.jpg
高山紗代子,12/29,./icon/sayoko.jpg